{"cameraMode":{"drawMode":0,"name":"Shaded","section":"Shading Mode"},"sceneLighting":true,"audioPlay":false,"sceneViewState":{"m_AlwaysRefresh":false,"showFog":true,"showSkybox":true,"showFlares":true,"showImageEffects":true,"showParticleSystems":true,"showVisualEffectGraphs":true,"m_FxEnabled":true},"in2DMode":false,"pivot":{"x":21.928525924682618,"y":93.86005401611328,"z":-15.608665466308594},"rotation":{"x":0.3865590989589691,"y":-0.0013834040146321059,"z":0.0005798317724838853,"w":0.9222643971443176},"size":151.40353393554688,"orthographic":false}